,MAE ($),RMSE ($),R2 Score
tabular_only,291011.0625,308246.60382232926,-1.5640342235565186
image_only,156378.296875,186187.51700369173,0.0645332932472229
multimodal,17584.45703125,28829.786818497287,0.9775710105895996
