{
    "tabular_only": {
        "train": [
            612890.7732142857,
            612446.845,
            611695.1253571429,
            610418.6682142857,
            608328.7778571428,
            605048.2042857143,
            600066.6439285714,
            593033.8903571429,
            583423.8260714286,
            570797.5696428572,
            554982.0151785715,
            535535.6682142857,
            512426.04875,
            485817.5919642857,
            455557.4055357143,
            422452.45714285714,
            386523.56553571427,
            348961.21535714285,
            310141.81303571427,
            271085.9048214286,
            232690.19598214285,
            196062.63955357144,
            162060.70169642856,
            131373.18991071428,
            104317.99535714286
        ],
        "val": [
            583998.5941666666,
            583444.3883333333,
            582485.9841666666,
            580883.915,
            578310.9491666667,
            574344.2575,
            568575.0366666666,
            560472.11,
            549679.9183333333,
            535833.1604166667,
            518627.31833333336,
            498043.41208333336,
            474027.21541666664,
            446409.36583333334,
            415885.30875,
            382558.22291666665,
            347443.1795833333,
            310627.00625,
            273157.4889583333,
            236211.31604166667,
            200583.4,
            167038.33416666667,
            136190.6771875,
            108887.02479166667,
            85763.35635416667
        ],
        "best_val_mse": 85763.35635416667,
        "best_val_rmse": 292.85381396554607
    },
    "image_only": {
        "train": [
            611304.2507142858,
            549322.2133928571,
            187280.93924107144,
            46375.322857142855,
            36692.248493303574,
            35901.80191964286,
            35708.19227678572,
            36399.925334821426,
            35672.315189732144,
            35394.35238839286,
            35429.5271875,
            35175.128147321426,
            35354.61707589286,
            36017.82564732143,
            34734.502734375,
            35082.45984375,
            34562.86055803571,
            34471.950859375,
            34299.348102678574,
            33979.961841517856,
            34317.08482142857,
            34361.8165625,
            34183.85060267857,
            33647.25369419643,
            33321.064107142854
        ],
        "val": [
            574977.5833333334,
            396857.74666666664,
            68468.36302083333,
            38366.72776041667,
            37694.450520833336,
            37152.21854166667,
            36355.100677083334,
            36522.7365625,
            36223.82484375,
            35989.50890625,
            36351.20640625,
            36183.72765625,
            37475.355833333335,
            38711.08286458333,
            35233.13619791667,
            35047.16765625,
            35815.60390625,
            34902.29953125,
            34467.807708333334,
            36029.98182291666,
            35658.47489583334,
            34809.555,
            34227.47911458334,
            33555.54359375,
            33221.99432291667
        ],
        "best_val_mse": 33221.99432291667,
        "best_val_rmse": 182.2690163547186
    },
    "multimodal": {
        "train": [
            611111.4578571429,
            522895.3554464286,
            107154.67573660714,
            44174.049397321425,
            39614.59223214286,
            38481.994441964285,
            37343.21238839286,
            36480.52011160714,
            35288.81011160714,
            33855.317455357144,
            31573.518828125,
            28766.713091517857,
            24643.121897321427,
            20018.59532924107,
            15582.57302455357,
            10691.705036272322,
            6803.081023995535,
            3869.273950892857,
            2120.156168387277,
            1253.1088155691964,
            849.7692327008929,
            680.8228416224888,
            570.9506340680804,
            510.5874751499721,
            455.9053191266741
        ],
        "val": [
            572790.6141666666,
            294235.42125,
            41348.535104166665,
            43557.225572916665,
            40553.40473958333,
            38759.45234375,
            38367.90151041667,
            38240.277708333335,
            35407.36854166666,
            36884.930260416666,
            32546.920364583333,
            27856.804921875,
            23162.103671875,
            19512.773776041668,
            13494.127265625,
            9327.311263020832,
            5716.85177734375,
            3286.184599609375,
            1992.4045475260416,
            1330.1905208333333,
            1060.837283528646,
            875.3453238932292,
            773.85728515625,
            657.5432657877604,
            585.5779182942708
        ],
        "best_val_mse": 585.5779182942708,
        "best_val_rmse": 24.198717286134627
    }
}